threshold,precision,recall
0.1,0.30490579964814174,0.6948617261942538
0.2,0.38328905613044845,0.6016283609239365
0.3,0.44202778191172715,0.5239589595840952
0.4,0.49436630829413186,0.45403413251396524
0.5,0.5524533784550021,0.38748938605860045
0.6,0.6244868926293792,0.32288747717933663
0.7,0.7077523874788049,0.2537690812717228
0.8,0.8041613860245407,0.17589570954995615
0.9,0.9137378983461074,0.05716777956590024
