threshold,precision,recall
0.1,0.18069764426310242,0.8544003913788631
0.2,0.25355404224807687,0.7764254655210506
0.3,0.3111959701740679,0.7060934852175019
0.4,0.36348379691803023,0.6394628979450333
0.5,0.41620792048081895,0.573449734531366
0.6,0.4757917237371851,0.505548860671848
0.7,0.5459047845680206,0.43359456767808113
0.8,0.6345947141686259,0.35243561899340664
0.9,0.7470553606219602,0.25184356936512897
